﻿实体1,实体2,关系（这个csv可以不看，这个是第一版的有点问题）
合并症,糖尿病,包含
糖尿病,CKD1-2期,包含 | Note: 是一种机体产生的胰岛素不足或不能对胰岛素作出正常应答，导致血糖（葡萄糖）水平异常高的疾病。
CKD1-2期,蛋白质原则,包含
蛋白质原则,蛋白质0.8g·kg-¹·d-¹,包含
CKD1-2期,热量原则,包含
热量原则,非肥胖,包含
非肥胖,热量30~35kcal·kg-¹·d-¹,包含
热量30~35kcal·kg-¹·d-¹,每日碳水化合物供能比占45%～60%,包含
每日碳水化合物供能比占45%～60%,限制单糖、双糖类食物的摄入,"包含 | Note: 如碳水化合物的来源为低GI食物，碳水化合物供能比可达60％
低GI食物：GI值＜55的食物"
限制单糖、双糖类食物的摄入,蔗糖、蜜饯、各种糖果及其制品,包含
热量原则,肥胖,包含
肥胖,热量30~35kcal·kg-¹·d-¹基础上，减少250～500kcal/d,包含
糖尿病,CKD3-5期,包含 | Note: 是一种机体产生的胰岛素不足或不能对胰岛素作出正常应答，导致血糖（葡萄糖）水平异常高的疾病。
CKD3-5期,代谢稳定,包含
代谢稳定,蛋白质原则,包含
蛋白质原则,蛋白质0.6~0.8g·kg-¹·d-¹,包含
CKD3-5期,代谢不稳定,包含
代谢不稳定,血糖控制不稳定,包含
血糖控制不稳定,蛋白质原则,包含
蛋白质原则,蛋白质0.8g·kg-¹·d-¹,包含
代谢不稳定,PEW,包含
PEW,蛋白质原则,包含
蛋白质原则,蛋白质＞0.8g·kg-1·d-1，可联合口服营养补充,包含
糖尿病,血液透析、腹膜透析,包含 | Note: 是一种机体产生的胰岛素不足或不能对胰岛素作出正常应答，导致血糖（葡萄糖）水平异常高的疾病。
血液透析、腹膜透析,代谢稳定,包含
代谢稳定,蛋白质原则,包含
蛋白质原则,蛋白质1.0~1.2g·kg-¹·d-¹,包含
血液透析、腹膜透析,代谢不稳定,包含
代谢不稳定,血糖控制不稳定,包含
血糖控制不稳定,蛋白质原则,包含
蛋白质原则,蛋白质＞1.2g·kg-¹·d-¹,包含
代谢不稳定,PEW,包含
PEW,蛋白质原则参照“分期”,包含
合并症,高血压,包含
高血压,蛋白质、热量原则同“分期”,包含 | Note: 在未使用降压药物情况下，诊室收缩压≥140 mmHg和（或）舒张压≥90 mmHg。
高血压,钠原则,包含 | Note: 在未使用降压药物情况下，诊室收缩压≥140 mmHg和（或）舒张压≥90 mmHg。
钠原则,钠＜2g/d（盐＜5g/d））,包含
合并症,血脂异常,包含
血脂异常,每日脂肪供能比20%～30%,包含 | Note: 指血浆中脂类的质和量异常，通常指血浆中胆固醇和（或）三酰甘油升高，也泛指包括低密度脂蛋白、高密度脂蛋白在内的各种血脂异常。
每日脂肪供能比20%～30%,饱和脂肪酸不超过7%,包含
每日脂肪供能比20%～30%,单不饱和脂肪酸要高于10%,包含
每日脂肪供能比20%～30%,多不饱和脂肪酸不超过10%,包含
每日脂肪供能比20%～30%,反式脂肪酸不超过1%,包含
合并症,高尿酸血症,包含
高尿酸血症,以低嘌呤饮食为主,包含 | Note: 在正常嘌呤饮食状态下，非同日2次空腹血尿酸水平，男性＞420μmol/L或女性＞360μmol/L。
高尿酸血症,每日饮水量2000 ml以上,包含 | Note: 在正常嘌呤饮食状态下，非同日2次空腹血尿酸水平，男性＞420μmol/L或女性＞360μmol/L。
合并症,肾性贫血,包含
肾性贫血,适当增加畜肉类摄入,"包含 | Note: 肾脏疾病造成促红细胞生成素的相对或绝对不足导致的贫血，以及尿毒症患者血浆中的一些毒性物质通过干扰红细胞的生成和代谢二导致的贫血。

成年男性Hb＜13.0g/dl，成年女性Hb＜12.0g/dl。"
合并症,高钾血症,包含
高钾血症,CKD4~5期,包含 | Note: 血清钾浓度高于5.0 mmol/L。
CKD4~5期,钾原则,包含
钾原则,钾摄入1500~2000mg/d,包含
高钾血症,腹膜透析、血液透析,包含 | Note: 血清钾浓度高于5.0 mmol/L。
腹膜透析、血液透析,钾原则,包含
钾原则,钾摄入2000~2500mg/d,包含
合并症,高磷血症,包含
高磷血症,CKD3~5期、血液透析,包含 | Note: 血清磷酸浓度&gt;1.46 mmol/L。
CKD3~5期、血液透析,磷原则,包含
磷原则,磷摄入800~1000mg/d,包含
合并症,低钙血症,包含
合并症,甲状旁腺功能亢进<br>,包含
体型,消瘦,包含
体型,正常,包含
体型,超重,包含
超重,热量原则,包含 | Note: BMI 24-27.9kg/m2
热量原则,每日摄入能量减少300～500kcal,包含
超重,脂肪原则,包含 | Note: BMI 24-27.9kg/m2
脂肪原则,脂肪供能比不应超过30%,包含
体型,肥胖,包含
肥胖,热量原则,包含 | Note: BMI＞28kg/m2
热量原则,糖尿病,包含
糖尿病,每日摄入能量减少250～500kcal,包含
热量原则,血脂异常,包含
血脂异常,每日摄入能量减少300～500kcal,包含
肥胖,脂肪原则,包含 | Note: BMI＞28kg/m2
脂肪原则,脂肪供能比不应超过30%,包含
代谢状态,代谢稳定,包含
代谢状态,高分解代谢状态,包含
实验室检查,尿蛋白定量,包含
尿蛋白定量,24h尿蛋白定量,包含
尿蛋白定量,随机尿白蛋白/肌酐比值,包含
实验室检查,尿素氮,包含
实验室检查,血清肌酐,包含
实验室检查,血尿酸,包含
实验室检查,血红蛋白,包含
实验室检查,总蛋白,包含
实验室检查,血清白蛋白,包含
实验室检查,总胆固醇,包含
实验室检查,甘油三酯,包含
实验室检查,高密度脂蛋白胆固醇,包含
实验室检查,低密度脂蛋白胆固醇,包含
实验室检查,钙,包含
实验室检查,磷,包含
实验室检查,钾,包含
实验室检查,钠,包含
实验室检查,甲状旁腺激素,包含
实验室检查,血糖,包含
实验室检查,收缩压,包含
实验室检查,舒张压,包含
用药,控制蛋白尿,包含
控制蛋白尿,肾素-血管紧张素-醛固酮系统抑制剂(RAASi),包含
肾素-血管紧张素-醛固酮系统抑制剂(RAASi),血管紧张素转换酶抑制剂（ACEI）,包含
血管紧张素转换酶抑制剂（ACEI）,贝那普利,包含 | Note: 少吃或不吃高钾食物，如香蕉、橙子、鳄梨、西红柿、土豆以及干果
血管紧张素转换酶抑制剂（ACEI）,依那普利,包含 | Note: 少吃或不吃高钾食物，如香蕉、橙子、鳄梨、西红柿、土豆以及干果
血管紧张素转换酶抑制剂（ACEI）,卡托普利,包含 | Note: 少吃或不吃高钾食物，如香蕉、橙子、鳄梨、西红柿、土豆以及干果
肾素-血管紧张素-醛固酮系统抑制剂(RAASi),血管紧张素Ⅱ受体阻断剂（ARB）,包含
血管紧张素Ⅱ受体阻断剂（ARB）,缬沙坦,包含 | Note: 少吃或不吃高钾食物，如香蕉、橙子、鳄梨、西红柿、土豆以及干果
血管紧张素Ⅱ受体阻断剂（ARB）,氯沙坦,包含 | Note: 少吃或不吃高钾食物，如香蕉、橙子、鳄梨、西红柿、土豆以及干果
血管紧张素Ⅱ受体阻断剂（ARB）,厄贝沙坦,包含 | Note: 少吃或不吃高钾食物，如香蕉、橙子、鳄梨、西红柿、土豆以及干果
血管紧张素Ⅱ受体阻断剂（ARB）,坎地沙坦,包含 | Note: 少吃或不吃高钾食物，如香蕉、橙子、鳄梨、西红柿、土豆以及干果
血管紧张素Ⅱ受体阻断剂（ARB）,阿利沙坦,包含 | Note: 少吃或不吃高钾食物，如香蕉、橙子、鳄梨、西红柿、土豆以及干果
肾素-血管紧张素-醛固酮系统抑制剂(RAASi),盐皮质激素受体拮抗剂（MRA）,包含
盐皮质激素受体拮抗剂（MRA）,螺内酯,包含
盐皮质激素受体拮抗剂（MRA）,依普利酮,包含
盐皮质激素受体拮抗剂（MRA）,非奈利酮,包含
控制蛋白尿,糖皮质激素,包含
糖皮质激素,短效,包含
短效,可的松,包含
短效,氢化可的松,包含
糖皮质激素,中效,包含
中效,泼尼松,包含
中效,泼尼松龙,包含
中效,甲泼尼龙,包含
中效,曲安西龙,包含
糖皮质激素,长效,包含
长效,地塞米松,包含
长效,倍他米松,包含
控制蛋白尿,免疫抑制剂,包含
免疫抑制剂,环磷酰胺,包含
免疫抑制剂,环孢素,包含
免疫抑制剂,他克莫司,包含
免疫抑制剂,霉酚酸酯,包含
免疫抑制剂,硫唑嘌呤,包含
免疫抑制剂,来氟米特,包含
控制蛋白尿,生物制剂,包含
生物制剂,抗CD20单抗,包含
抗CD20单抗,利妥昔单抗,包含
生物制剂,B淋巴细胞刺激因子(BLyS)抑制剂,包含
B淋巴细胞刺激因子(BLyS)抑制剂,贝利尤单抗,包含
B淋巴细胞刺激因子(BLyS)抑制剂,泰它西普,包含
生物制剂,肿瘤坏死因子拮抗剂（TNF-α抑制剂）,包含
肿瘤坏死因子拮抗剂（TNF-α抑制剂）,依那西普,包含
肿瘤坏死因子拮抗剂（TNF-α抑制剂）,阿达木单抗,包含
肿瘤坏死因子拮抗剂（TNF-α抑制剂）,英夫利西单抗,包含
生物制剂,白介素-17A抑制剂,包含
白介素-17A抑制剂,司库奇尤单抗,包含
用药,控制高血压,包含
控制高血压,血管紧张素转换酶抑制剂（ACEI）,包含
血管紧张素转换酶抑制剂（ACEI）,贝那普利,包含 | Note: 少吃或不吃高钾食物，如香蕉、橙子、鳄梨、西红柿、土豆以及干果
血管紧张素转换酶抑制剂（ACEI）,依那普利,包含 | Note: 少吃或不吃高钾食物，如香蕉、橙子、鳄梨、西红柿、土豆以及干果
血管紧张素转换酶抑制剂（ACEI）,卡托普利,包含 | Note: 少吃或不吃高钾食物，如香蕉、橙子、鳄梨、西红柿、土豆以及干果
控制高血压,血管紧张素Ⅱ受体阻断剂（ARB）,包含
血管紧张素Ⅱ受体阻断剂（ARB）,缬沙坦,包含 | Note: 少吃或不吃高钾食物，如香蕉、橙子、鳄梨、西红柿、土豆以及干果
血管紧张素Ⅱ受体阻断剂（ARB）,氯沙坦,包含 | Note: 少吃或不吃高钾食物，如香蕉、橙子、鳄梨、西红柿、土豆以及干果
血管紧张素Ⅱ受体阻断剂（ARB）,厄贝沙坦,包含 | Note: 少吃或不吃高钾食物，如香蕉、橙子、鳄梨、西红柿、土豆以及干果
血管紧张素Ⅱ受体阻断剂（ARB）,坎地沙坦,包含 | Note: 少吃或不吃高钾食物，如香蕉、橙子、鳄梨、西红柿、土豆以及干果
血管紧张素Ⅱ受体阻断剂（ARB）,阿利沙坦,包含 | Note: 少吃或不吃高钾食物，如香蕉、橙子、鳄梨、西红柿、土豆以及干果
控制高血压,钙通道阻滞剂,包含
钙通道阻滞剂,二氢吡啶类,包含 | Note: 服药期间避免食用葡萄柚、塞维利亚橙、以色列青柚、红心柚、蜜柚和柚子汁
二氢吡啶类,硝苯地平,包含
二氢吡啶类,氨氯地平,包含
钙通道阻滞剂,非二氢砒啶类,包含 | Note: 服药期间避免食用葡萄柚、塞维利亚橙、以色列青柚、红心柚、蜜柚和柚子汁
非二氢砒啶类,维拉帕米,包含
非二氢砒啶类,地尔硫卓,包含
控制高血压,利尿剂<br>,包含
利尿剂<br>,袢利尿剂,包含
袢利尿剂,呋塞米,包含
袢利尿剂,托拉塞米,包含
袢利尿剂,布美他尼,包含
利尿剂<br>,噻嗪类利尿剂,包含
噻嗪类利尿剂,氢氯噻嗪,包含
利尿剂<br>,保钾利尿剂,包含
保钾利尿剂,螺内酯,包含 | Note: 少吃或不吃高钾食物，如香蕉、橙子、鳄梨、西红柿、土豆以及干果
保钾利尿剂,依普利酮,包含 | Note: 少吃或不吃高钾食物，如香蕉、橙子、鳄梨、西红柿、土豆以及干果
保钾利尿剂,非奈利酮,包含 | Note: 少吃或不吃高钾食物，如香蕉、橙子、鳄梨、西红柿、土豆以及干果
控制高血压,α受体阻滞剂,包含
α受体阻滞剂,派唑嗪,包含
α受体阻滞剂,特拉唑嗪,包含
控制高血压,β受体阻滞剂<br>,包含
β受体阻滞剂<br>,美托洛尔,包含
β受体阻滞剂<br>,比索洛尔,包含
控制高血压,中枢性降压药,包含
中枢性降压药,可乐定,包含
用药,控制高血糖,包含
控制高血糖,双胍类,包含
双胍类,二甲双胍,包含
控制高血糖,磺脲类,包含
磺脲类,格列本脲,包含
磺脲类,格列美脲,包含
磺脲类,格列齐特,包含
磺脲类,格列吡秦,包含
磺脲类,格列喹酮,包含
控制高血糖,噻唑烷二酮,包含
噻唑烷二酮,吡格列酮,包含
噻唑烷二酮,罗格列酮,包含
控制高血糖,格列奈类,包含
格列奈类,那格列奈,包含 | Note: 服药期间避免食用葡萄柚、塞维利亚橙、以色列青柚、红心柚、蜜柚和柚子汁
格列奈类,瑞格列奈,包含 | Note: 服药期间避免食用葡萄柚、塞维利亚橙、以色列青柚、红心柚、蜜柚和柚子汁
控制高血糖,α糖苷酶抑制剂,包含
α糖苷酶抑制剂,阿卡波糖,包含
α糖苷酶抑制剂,伏格列波糖,包含
控制高血糖,二肽基肽酶 4（DPP-4）抑制剂,包含
二肽基肽酶 4（DPP-4）抑制剂,西格列汀,包含
二肽基肽酶 4（DPP-4）抑制剂,沙格列汀,包含
二肽基肽酶 4（DPP-4）抑制剂,利格列汀,包含
控制高血糖,胰高血糖素样肽-1（GLP-1）受体激动剂,包含
胰高血糖素样肽-1（GLP-1）受体激动剂,利拉鲁肽,包含
控制高血糖,钠-葡萄糖共转运蛋白2（SGLT2）抑制剂,包含
钠-葡萄糖共转运蛋白2（SGLT2）抑制剂,达格列净,包含
钠-葡萄糖共转运蛋白2（SGLT2）抑制剂,恩格列净,包含
钠-葡萄糖共转运蛋白2（SGLT2）抑制剂,卡格列净,包含
用药,控制血脂异常,包含
控制血脂异常,他汀类,包含
他汀类,阿托伐他汀,包含
他汀类,瑞舒伐他汀,包含
他汀类,匹伐他汀,包含
他汀类,洛伐他汀<br>,包含
他汀类,辛伐他汀<br>,包含
他汀类,普伐他汀<br>,包含
他汀类,氟伐他汀,包含
控制血脂异常,胆固醇吸收抑制剂,包含
胆固醇吸收抑制剂,依折麦布,包含
胆固醇吸收抑制剂,海博麦布,包含
控制血脂异常,PCSK9抑制剂,包含
PCSK9抑制剂,依洛尤单抗,包含
PCSK9抑制剂,阿利西尤单抗,包含
控制血脂异常,普罗布考,包含
控制血脂异常,胆酸螯合剂,包含
胆酸螯合剂,考来烯胺,包含
胆酸螯合剂,考来替泊,包含
控制血脂异常,贝特类,包含
贝特类,非诺贝特,包含
贝特类,苯扎贝特,包含
贝特类,吉非贝齐,包含
控制血脂异常,高纯度 ω⁃3 脂肪酸,包含
控制血脂异常,烟酸类,包含
烟酸类,阿昔莫司,包含
烟酸类,烟酸缓释片,包含
用药,控制高尿酸血症,包含
控制高尿酸血症,抑制尿酸合成的药物,包含
抑制尿酸合成的药物,别嘌醇,包含
抑制尿酸合成的药物,非布司他,包含
控制高尿酸血症,增加尿酸排泄的药物,包含
增加尿酸排泄的药物,苯溴马隆,包含
增加尿酸排泄的药物,丙磺舒,包含
营养筛查(NRS2002 营养状态受损评分+疾病严重程度评分+年龄评分≥3分，提示患者存在营养风险)&nbsp;,营养评估,包含
营养评估,评估方法,包含
评估方法,人体测量,包含
人体测量,BMI,包含
人体测量,皮褶厚度,包含
人体测量,上臂肌围,包含
评估方法,饮食调查,包含
饮食调查,24h膳食回顾,包含
饮食调查,3日饮食记录,包含
饮食调查,膳食频率问卷调查,包含
饮食调查,基于卷积神经网络的拍照记录,包含
评估方法,生化指标,包含
生化指标,血清白蛋白,包含
生化指标,前白蛋白,包含
生化指标,胆固醇,包含
评估方法,SGA,包含
SGA,营养良好,包含
SGA,轻-中度营养不良,包含
SGA,重度营养不良,包含
评估方法,人体成分分析,包含
人体成分分析,人体成分分析,包含
人体成分分析,身体水分含量,包含
身体水分含量,细胞内水分,包含
身体水分含量,细胞外水分,包含
人体成分分析,蛋白质,包含
蛋白质,正常,包含
蛋白质,缺乏,包含
人体成分分析,无机盐,包含
无机盐,正常,包含
无机盐,缺乏,包含
人体成分分析,体脂肪,包含
体脂肪,正常,包含
体脂肪,缺乏,包含
体脂肪,过量,包含
人体成分分析,肌肉脂肪分析,包含
肌肉脂肪分析,体重,包含
肌肉脂肪分析,骨骼肌,包含
骨骼肌,正常,包含
骨骼肌,高标准,包含
骨骼肌,低标准,包含
肌肉脂肪分析,体脂肪,包含
人体成分分析,内脏脂肪,包含
人体成分分析,肥胖分析,包含
肥胖分析,BMI,包含
肥胖分析,体脂百分比,包含
肥胖分析,腰臀脂肪比,包含
人体成分分析,肌肉均衡,包含
肌肉均衡,右上肢,包含
肌肉均衡,左上肢,包含
肌肉均衡,躯干,包含
肌肉均衡,右下肢,包含
肌肉均衡,左下肢,包含
人体成分分析,基础代谢率（BMR）,包含
人体成分分析,浮肿,包含
浮肿,ECW/TBW,包含
人体成分分析,生物电阻抗,包含
生物电阻抗,Z 250khz,包含
Z 250khz,RA,包含
Z 250khz,LA,包含
Z 250khz,TR,包含
Z 250khz,LR,包含
Z 250khz,LL,包含
生物电阻抗,X 250khz,包含
X 250khz,RA,包含
X 250khz,LA,包含
X 250khz,TR,包含
X 250khz,LR,包含
X 250khz,LL,包含
评估方法,炎症指标,包含
营养评估,营养状态,包含
营养状态,SGA,包含 | Note: SGA得出轻-中度营养不良、重度营养不良，或者诊断为PEW，都采用PEW营养原则
SGA,营养良好,包含
SGA,轻-中度营养不良,包含
轻-中度营养不良,参照PEW营养原则,包含 | Note: 有五项以上属于B级
SGA,重度营养不良,包含
重度营养不良,参照PEW营养原则,包含 | Note: 有五项以上属于C级
营养状态,PEW诊断标准&nbsp;满足3项即可诊断PEW（每项至少满足1条）,包含 | Note: SGA得出轻-中度营养不良、重度营养不良，或者诊断为PEW，都采用PEW营养原则
PEW诊断标准&nbsp;满足3项即可诊断PEW（每项至少满足1条）,无PEW,包含
PEW诊断标准&nbsp;满足3项即可诊断PEW（每项至少满足1条）,PEW,包含
运动评价,体力活动水平,包含
体力活动水平,轻体力活动水平,"包含 | Note: PAL是成年人24小时总能量消耗(TEE)与24小时的基础能量消耗(BEE)的比值，即PAL=TEE/BEE。反映一个人的日常身体活动情况,估计一个人一天24小时总能量消耗情况。

"
体力活动水平,中体力活动水平,"包含 | Note: PAL是成年人24小时总能量消耗(TEE)与24小时的基础能量消耗(BEE)的比值，即PAL=TEE/BEE。反映一个人的日常身体活动情况,估计一个人一天24小时总能量消耗情况。

"
体力活动水平,轻体力活动水平,"包含 | Note: PAL是成年人24小时总能量消耗(TEE)与24小时的基础能量消耗(BEE)的比值，即PAL=TEE/BEE。反映一个人的日常身体活动情况,估计一个人一天24小时总能量消耗情况。

"
